{"mean":{"confidence_interval":{"confidence_level":0.95,"lower_bound":4113669.542846156,"upper_bound":4201657.440826924},"point_estimate":4155738.222307693,"standard_error":22575.067020770253},"median":{"confidence_interval":{"confidence_level":0.95,"lower_bound":4043962.3076923075,"upper_bound":4134170.0},"point_estimate":4072697.115384615,"standard_error":22029.387425474994},"median_abs_dev":{"confidence_interval":{"confidence_level":0.95,"lower_bound":101196.97105724068,"upper_bound":188912.64202132175},"point_estimate":136544.72046815453,"standard_error":21997.73007288532},"slope":null,"std_dev":{"confidence_interval":{"confidence_level":0.95,"lower_bound":169293.55246987665,"upper_bound":278676.71523697313},"point_estimate":225699.8894941804,"standard_error":28048.098025609575}}